user_id,username,password,want_to_watch_movie,want_to_watch_datetime,watched_movie,watched_datetime,want_to_watch_count,watched_count
1,王丹,smZ@_3&GCg,"[1, 24]","['2025-11-25 07:27:08', '2025-12-09 07:27:08']","[8, 5, 24, 4, 22]","['2025-09-30 06:13:08', '2025-09-29 20:27:08', '2025-10-09 07:27:08', '2025-11-06 07:27:08', '2025-09-30 00:28:08']",2,5
2,刘旭,*L>?h(9BaN,"[19, 14]","['2025-11-22 07:27:08', '2025-12-12 07:27:08']","[1, 3, 7]","['2025-10-29 07:27:08', '2025-10-17 07:27:08', '2025-11-01 05:27:08']",2,3
3,宋超,3(IawsIS|3,"[17, 20, 1]","['2025-11-24 07:27:08', '2025-12-15 07:27:08', '2025-11-26 07:27:08']","[7, 23, 21, 18, 14, 8, 15]","['2025-09-26 07:27:08', '2025-09-22 17:38:08', '2025-11-20 07:27:08', '2025-09-21 11:27:08', '2025-09-21 16:17:08', '2025-11-07 07:27:08', '2025-10-13 07:27:08']",3,7
4,李敏,2v!gy[>rR&,"[1, 25, 6, 23]","['2025-12-04 07:27:08', '2025-12-14 07:27:08', '2025-12-03 07:27:08', '2025-11-29 07:27:08']","[11, 9, 5, 7, 25, 4]","['2025-12-12 07:42:08', '2025-12-12 01:27:08', '2025-10-18 07:27:08', '2025-11-19 07:27:08', '2025-10-08 07:27:08', '2025-09-23 07:27:08']",4,6
5,郑婷婷,N@&3;Eq8KO,"[13, 4]","['2025-11-22 07:27:08', '2025-12-07 07:27:08']","[12, 20, 9, 2, 24]","['2025-11-13 21:39:08', '2025-09-22 07:27:08', '2025-10-07 07:27:08', '2025-11-13 18:27:08', '2025-10-22 07:27:08']",2,5
6,徐萍,HrjK6QhM!E,"[18, 4, 13, 3, 10]","['2025-12-04 07:27:08', '2025-12-18 07:27:08', '2025-11-21 07:27:08', '2025-12-07 07:27:08', '2025-12-02 07:27:08']","[12, 19, 7, 3, 2, 8, 10]","['2025-10-13 07:27:08', '2025-10-29 07:27:08', '2025-10-27 07:27:08', '2025-10-22 07:27:08', '2025-11-03 07:27:08', '2025-11-06 07:27:08', '2025-10-17 07:27:08']",5,7
7,廖晨,"W(1wWtc.E,","[8, 4]","['2025-12-10 07:27:08', '2025-12-04 07:27:08']","[9, 15, 21, 12, 6, 22]","['2025-10-16 07:27:08', '2025-12-21 01:54:08', '2025-11-11 07:27:08', '2025-12-20 20:27:08', '2025-10-08 07:27:08', '2025-12-21 11:09:08']",2,6
8,杨建军,.&.3_tf:Pn,"[7, 22, 9, 23]","['2025-12-13 07:27:08', '2025-12-04 07:27:08', '2025-12-10 07:27:08', '2025-12-03 07:27:08']","[20, 21, 6]","['2025-12-08 13:27:08', '2025-12-09 08:39:08', '2025-12-09 22:52:08']",4,3
9,卓雪,T<BzW3M6q!,"[6, 15, 13]","['2025-12-21 07:27:08', '2025-12-05 07:27:08', '2025-12-20 07:27:08']","[21, 23, 18, 8, 22]","['2025-10-15 07:27:08', '2025-11-07 07:27:08', '2025-11-12 07:27:08', '2025-10-05 01:27:08', '2025-10-20 07:27:08']",3,5
10,李帆,b{F}R5(B&U,"[25, 2, 8, 11]","['2025-12-17 07:27:08', '2025-11-29 07:27:08', '2025-11-29 07:27:08', '2025-12-09 07:27:08']","[9, 3, 7, 19, 11, 23]","['2025-12-05 20:27:08', '2025-11-18 07:27:08', '2025-11-19 07:27:08', '2025-12-05 20:15:08', '2025-10-17 07:27:08', '2025-11-08 07:27:08']",4,6
11,毛燕,6gEh=<zKgw,"[13, 21, 15, 5, 9]","['2025-11-27 07:27:08', '2025-12-18 07:27:08', '2025-12-17 07:27:08', '2025-12-15 07:27:08', '2025-11-29 07:27:08']","[8, 24, 18, 9]","['2025-12-03 22:41:08', '2025-11-14 07:27:08', '2025-12-04 20:01:08', '2025-12-03 14:27:08']",5,4
12,姚佳,Wg9Iy5G}c),"[19, 13, 12, 8, 5]","['2025-12-02 07:27:08', '2025-12-16 07:27:08', '2025-12-13 07:27:08', '2025-12-02 07:27:08', '2025-12-17 07:27:08']","[16, 3, 2, 4, 5, 6, 14]","['2025-10-10 20:05:08', '2025-10-22 07:27:08', '2025-10-10 04:27:08', '2025-11-12 07:27:08', '2025-10-06 07:27:08', '2025-10-10 12:49:08', '2025-10-27 07:27:08']",5,7
13,李英,"Ee,rbxKB8|","[13, 20]","['2025-12-01 07:27:08', '2025-11-21 07:27:08']","[17, 9, 18, 1, 4, 23]","['2025-11-16 22:27:08', '2025-11-16 23:41:08', '2025-10-27 07:27:08', '2025-10-03 07:27:08', '2025-11-18 07:27:08', '2025-11-16 20:59:08']",2,6
14,梁波,-AYq5[5rsm,"[25, 21, 11, 4]","['2025-12-05 07:27:08', '2025-12-03 07:27:08', '2025-12-17 07:27:08', '2025-11-21 07:27:08']","[14, 6, 15, 1, 24]","['2025-11-02 07:27:08', '2025-10-13 07:27:08', '2025-09-29 07:27:08', '2025-10-28 07:27:08', '2025-10-22 14:27:08']",4,5
15,田桂兰,pf55H|KLKB,"[17, 25, 6, 4]","['2025-12-01 07:27:08', '2025-12-04 07:27:08', '2025-12-09 07:27:08', '2025-11-28 07:27:08']","[21, 17, 20, 7, 5]","['2025-10-13 03:27:08', '2025-11-10 07:27:08', '2025-10-13 10:11:08', '2025-10-13 13:26:08', '2025-09-29 07:27:08']",4,5
16,万帅,pp:U%5U)vs,"[25, 6, 18, 17]","['2025-12-05 07:27:08', '2025-11-23 07:27:08', '2025-12-08 07:27:08', '2025-11-26 07:27:08']","[20, 11, 16]","['2025-11-25 19:57:08', '2025-11-25 09:13:08', '2025-11-24 11:27:08']",4,3
17,陈云,?qM5;tjnYk,"[4, 12]","['2025-11-25 07:27:08', '2025-12-09 07:27:08']","[8, 2, 19, 3, 24]","['2025-09-23 01:27:08', '2025-10-18 07:27:08', '2025-09-30 07:27:08', '2025-11-14 07:27:08', '2025-10-14 07:27:08']",2,5
18,黄利,g>8n8R$qR$,"[3, 25, 18, 5, 22]","['2025-12-19 07:27:08', '2025-12-02 07:27:08', '2025-12-04 07:27:08', '2025-11-28 07:27:08', '2025-11-29 07:27:08']","[18, 6, 9, 17, 20, 14]","['2025-10-16 04:27:08', '2025-10-15 12:29:08', '2025-10-01 07:27:08', '2025-10-09 07:27:08', '2025-11-13 07:27:08', '2025-10-16 05:18:08']",5,6
19,魏斌,(FvJDjm9ys,"[18, 25, 24]","['2025-12-20 07:27:08', '2025-12-16 07:27:08', '2025-12-20 07:27:08']","[23, 10, 13, 22]","['2025-11-21 08:11:08', '2025-10-01 07:27:08', '2025-11-20 14:27:08', '2025-10-12 07:27:08']",3,4
20,何丽,sL|ek-8HFO,"[15, 17, 4, 8]","['2025-12-09 07:27:08', '2025-12-21 07:27:08', '2025-12-01 07:27:08', '2025-11-27 07:27:08']","[3, 11, 1, 19]","['2025-12-11 17:27:08', '2025-12-13 07:43:08', '2025-12-13 05:53:08', '2025-11-08 07:27:08']",4,4
